Device,Clicks,Impressions,CTR,Position
DESKTOP,437,36622,0.011932718038337611,20.35596089782098
MOBILE,58,12213,0.004749037910423319,33.710144927536234
TABLET,0,168,0,11.958333333333334
